seed,accelerator,model,data,category,pixel_AUROC,pixel_F1Score,image_AUROC,image_F1Score
42,cuda,Padim,MVTec,bottle,0.9780895709991455,0.6750653982162476,0.9968253374099731,0.9841269850730896
42,cuda,Padim,MVTec,capsule,0.981395959854126,0.3789413571357727,0.8911048173904419,0.9473684430122375
